drawdate,ball1,ball2,ball3,ball4,ball5,jackpot_estimated,jackpot_winner
01-12-2024,19,34,35,45,67,187000000,N
01-09-2024,12,15,32,33,53,165000000,N
01-05-2024,5,23,26,38,44,140000000,N
01-02-2024,3,18,27,29,64,114000000,N
12/29/2023,11,27,30,62,70,92000000,N
12/26/2023,8,10,22,58,64,73000000,N
12/22/2023,10,26,36,54,69,57000000,N
12/19/2023,17,26,50,58,61,41000000,N
12/15/2023,10,20,28,40,54,28000000,N
12-12-2023,8,23,44,45,53,20000000,N
12-08-2023,21,26,53,66,70,395000000,Y
12-05-2023,18,35,40,64,67,377000000,N
12-01-2023,12,47,49,52,65,355000000,N
11/28/2023,27,37,42,59,61,335000000,N
11/24/2023,6,15,45,59,68,308000000,N
11/21/2023,17,22,25,30,38,289000000,N
11/17/2023,6,12,31,33,69,267000000,N
11/14/2023,29,35,59,61,69,245000000,N
11-10-2023,13,33,59,68,70,223000000,N
11-07-2023,3,11,33,42,52,196000000,N
11-03-2023,15,32,38,47,65,181000000,N
10/31/2023,14,35,37,55,70,159000000,N
10/27/2023,11,32,43,57,70,137000000,N
10/24/2023,16,20,30,54,59,114000000,N
10/20/2023,7,29,36,49,61,91000000,N
10/17/2023,5,6,29,32,61,69000000,N
10/13/2023,6,18,44,46,68,48000000,N
10-10-2023,3,8,17,46,63,20000000,N
10-06-2023,12,24,46,57,66,360000000,Y
10-03-2023,3,19,32,39,59,315000000,N
09/29/2023,18,40,47,55,64,267000000,N
09/26/2023,15,30,35,42,60,230000000,N
09/22/2023,10,13,14,57,66,205000000,N
09/19/2023,6,9,13,29,66,183000000,N
09/15/2023,5,13,29,50,53,162000000,N
09-12-2023,2,14,21,42,67,141000000,N
09-08-2023,3,12,17,51,62,122000000,N
09-05-2023,3,43,50,51,65,101000000,N
09-01-2023,10,31,42,43,55,85000000,N
08/29/2023,9,39,52,61,63,67000000,N
08/25/2023,12,23,26,31,38,52000000,N
08/22/2023,1,12,26,36,50,33000000,N
08/18/2023,10,20,29,44,66,20000000,N
08/15/2023,18,39,42,57,63,36000000,Y
08-11-2023,8,9,18,35,41,20000000,N
08-08-2023,13,19,20,32,33,1580000000,Y
08-04-2023,11,30,45,52,56,1350000000,N
08-01-2023,8,24,30,45,61,1100000000,N
07/28/2023,5,10,28,52,63,940000000,N
07/25/2023,3,5,6,44,61,820000000,N
07/21/2023,29,40,47,50,57,720000000,N
07/18/2023,19,22,31,37,54,640000000,N
07/14/2023,10,24,48,51,66,560000000,N
07-11-2023,10,17,33,51,64,500000000,N
07-07-2023,8,10,17,55,66,450000000,N
07-04-2023,21,33,54,61,67,400000000,N
06/30/2023,13,22,47,51,55,368000000,N
06/27/2023,8,34,35,41,52,343000000,N
06/23/2023,13,62,65,67,69,320000000,N
06/20/2023,6,37,39,45,46,300000000,N
06/16/2023,4,24,34,45,57,281000000,N
06/13/2023,8,10,19,44,47,260000000,N
06-09-2023,3,19,53,60,68,240000000,N
06-06-2023,6,12,23,29,57,218000000,N
06-02-2023,3,16,19,36,60,203000000,N
05/30/2023,13,16,40,64,68,187000000,N
05/26/2023,12,20,37,41,64,169000000,N
05/23/2023,3,10,22,65,66,150000000,N
05/19/2023,5,11,41,44,55,132000000,N
05/16/2023,15,34,36,69,70,113000000,N
05-12-2023,1,2,23,40,45,99000000,N
05-09-2023,4,37,46,48,51,83000000,N
05-05-2023,16,18,28,42,43,68000000,N
05-02-2023,3,15,16,32,41,52000000,N
04/28/2023,18,38,53,62,64,38000000,N
04/25/2023,8,29,46,47,48,26000000,N
04/21/2023,3,21,29,46,63,20000000,N
04/18/2023,7,9,15,19,25,20000000,Y
04/14/2023,23,27,41,48,51,476000000,Y
04-11-2023,31,35,53,54,55,441000000,N
04-07-2023,12,32,49,51,66,414000000,N
04-04-2023,1,37,45,62,64,385000000,N
03/31/2023,16,26,27,42,61,355000000,N
03/28/2023,2,3,18,32,68,322000000,N
03/24/2023,14,17,33,42,66,302000000,N
03/21/2023,1,21,25,27,40,272000000,N
03/17/2023,26,28,29,39,49,254000000,N
03/14/2023,1,7,23,38,55,229000000,N
03-10-2023,9,20,59,60,63,203000000,N
03-07-2023,15,22,25,28,69,188000000,N
03-03-2023,8,25,36,39,67,167000000,N
02/28/2023,14,16,40,52,59,145000000,N
02/24/2023,2,22,49,65,67,126000000,N
02/21/2023,2,15,30,36,63,104000000,N
02/17/2023,2,33,38,57,70,84000000,N
02/14/2023,23,24,35,40,43,67000000,N
02-10-2023,20,29,30,52,58,50000000,N
02-07-2023,9,15,46,55,57,31000000,N
02-03-2023,1,4,50,54,59,20000000,N
01/31/2023,7,9,18,29,39,31000000,Y
01/27/2023,4,43,46,47,61,20000000,N
01/24/2023,33,41,47,50,62,31000000,Y
01/20/2023,20,29,31,64,66,20000000,N
01/17/2023,2,12,18,24,39,20000000,Y
01/13/2023,30,43,45,46,61,1350000000,Y
01-10-2023,7,13,14,15,18,1100000000,N
01-06-2023,3,20,46,59,63,940000000,N
01-03-2023,25,29,33,41,44,785000000,N
12/30/2022,1,3,6,44,51,685000000,N
12/27/2022,9,13,36,59,61,565000000,N
12/23/2022,15,21,32,38,62,510000000,N
12/20/2022,3,4,33,36,52,465000000,N
12/16/2022,8,35,40,53,56,429000000,N
12/13/2022,14,22,48,58,68,400000000,N
12-09-2022,8,19,53,61,69,379000000,N
12-06-2022,15,16,19,28,47,354000000,N
12-02-2022,1,21,36,46,52,333000000,N
11/29/2022,20,23,37,46,52,305000000,N
11/25/2022,29,31,46,54,67,284000000,N
11/22/2022,13,23,24,25,43,259000000,N
11/18/2022,2,14,16,38,66,238000000,N
11/15/2022,6,19,28,46,61,207000000,N
11-11-2022,1,5,17,37,70,189000000,N
11-08-2022,5,13,29,38,59,154000000,N
11-04-2022,2,20,47,55,59,119000000,N
11-01-2022,5,9,15,16,17,87000000,N
10/28/2022,4,18,31,53,69,64000000,N
10/25/2022,21,30,35,45,66,45000000,N
10/21/2022,34,36,43,45,68,30000000,N
10/18/2022,1,15,20,44,67,20000000,N
10/14/2022,9,22,26,41,44,494000000,Y
10-11-2022,3,7,11,13,38,445000000,N
10-07-2022,6,11,29,36,55,410000000,N
10-04-2022,15,18,25,33,38,380000000,N
09/30/2022,16,26,37,40,51,355000000,N
09/27/2022,8,14,24,43,51,325000000,N
09/23/2022,5,50,53,58,64,301000000,N
09/20/2022,9,21,28,30,52,277000000,N
09/16/2022,15,30,35,38,66,256000000,N
09/13/2022,14,25,38,59,64,231000000,N
09-09-2022,16,21,54,55,69,210000000,N
09-06-2022,6,17,46,59,68,191000000,N
09-02-2022,39,40,52,60,67,169000000,N
08/30/2022,2,38,55,57,65,153000000,N
08/26/2022,6,27,30,38,64,135000000,N
08/23/2022,3,5,47,48,67,116000000,N
08/19/2022,12,18,24,46,65,99000000,N
08/16/2022,33,35,41,45,51,82000000,N
08-12-2022,23,24,50,54,64,65000000,N
08-09-2022,1,8,10,25,32,52000000,N
08-05-2022,2,5,29,64,69,36000000,N
08-02-2022,10,14,25,37,63,20000000,N
07/29/2022,13,36,45,57,67,1280000000,Y
07/26/2022,7,29,60,63,66,830000000,N
07/22/2022,14,40,60,64,66,660000000,N
07/19/2022,2,31,32,37,70,555000000,N
07/15/2022,8,20,26,53,64,480000000,N
07-12-2022,4,7,10,45,64,440000000,N
07-08-2022,20,36,61,62,69,410000000,N
07-05-2022,27,31,50,51,61,370000000,N
07-01-2022,1,27,29,38,62,360000000,N
06/28/2022,7,12,21,43,55,333000000,N
06/24/2022,1,7,11,25,56,312000000,N
06/21/2022,8,13,18,32,42,290000000,N
06/17/2022,20,36,53,56,69,273000000,N
06/14/2022,30,37,38,42,58,247000000,N
06-10-2022,3,12,14,18,32,226000000,N
06-07-2022,4,34,40,41,53,207000000,N
06-03-2022,11,16,22,48,59,189000000,N
05/31/2022,6,15,41,63,64,170000000,N
05/27/2022,3,14,40,53,54,157000000,N
05/24/2022,3,5,6,63,68,143000000,N
05/20/2022,33,40,59,60,69,131000000,N
05/17/2022,7,21,24,41,65,112000000,N
05/13/2022,11,41,43,44,65,99000000,N
05-10-2022,15,19,20,61,70,86000000,N
05-06-2022,16,21,33,52,70,70000000,N
05-03-2022,15,19,27,35,57,57000000,N
04/29/2022,9,11,34,49,66,43000000,N
04/26/2022,5,7,19,46,69,31000000,N
04/22/2022,7,28,29,58,59,22000000,N
04/19/2022,2,9,33,47,53,20000000,N
04/15/2022,4,17,20,46,64,20000000,Y
04-12-2022,2,8,14,20,31,106000000,Y
04-08-2022,8,11,29,32,40,94000000,N
04-05-2022,22,43,60,63,64,81000000,N
04-01-2022,26,42,47,48,63,70000000,N
03/29/2022,7,22,36,45,47,60000000,N
03/25/2022,3,13,42,51,58,50000000,N
03/22/2022,8,15,21,27,61,39000000,N
03/18/2022,2,6,25,40,45,29000000,N
03/15/2022,9,14,28,59,60,22000000,N
03-11-2022,24,28,39,44,66,20000000,N
03-08-2022,7,18,38,58,64,126000000,Y
03-04-2022,11,19,28,46,47,113000000,N
03-01-2022,18,22,38,39,50,102000000,N
02/25/2022,15,31,40,56,66,87000000,N
02/22/2022,6,17,22,57,62,75000000,N
02/18/2022,6,11,50,63,68,64000000,N
02/15/2022,2,4,15,21,63,53000000,N
02-11-2022,11,16,23,24,30,42000000,N
02-08-2022,1,17,20,52,54,31000000,N
02-04-2022,7,16,34,44,61,22000000,N
02-01-2022,11,24,38,62,66,20000000,N
01/28/2022,3,16,25,44,55,421000000,Y
01/25/2022,3,12,38,53,58,396000000,N
01/21/2022,38,45,46,55,67,376000000,N
01/18/2022,4,19,39,42,52,347000000,N
01/14/2022,5,8,13,22,48,325000000,N
01-11-2022,2,3,19,52,58,300000000,N
01-07-2022,7,29,43,56,57,278000000,N
01-04-2022,4,6,16,21,22,253000000,N
12/31/2021,2,5,30,46,61,221000000,N
12/28/2021,3,5,8,31,38,201000000,N
12/24/2021,16,17,25,36,37,187000000,N
12/21/2021,25,31,58,64,67,171000000,N
12/17/2021,21,32,38,48,62,160000000,N
12/14/2021,33,35,44,55,69,148000000,N
12-10-2021,23,25,40,42,60,135000000,N
12-07-2021,1,7,40,43,68,122000000,N
12-03-2021,22,45,48,58,61,112000000,N
11/30/2021,7,8,26,30,39,102000000,N
11/26/2021,7,27,37,42,59,94000000,N
11/23/2021,7,24,54,57,58,83000000,N
11/19/2021,5,23,52,53,59,74000000,N
11/16/2021,6,22,44,53,65,63000000,N
11-12-2021,30,32,42,46,48,53000000,N
11-09-2021,9,14,16,26,49,45000000,N
11-05-2021,10,15,20,66,68,36000000,N
11-02-2021,5,10,26,58,65,26000000,N
10/29/2021,15,26,28,35,45,22000000,N
10/26/2021,6,14,19,56,62,20000000,N
10/22/2021,9,14,26,29,66,108000000,Y
10/19/2021,3,12,13,19,52,94000000,N
10/15/2021,3,20,31,34,65,84000000,N
10-12-2021,21,26,56,61,65,73000000,N
10-08-2021,21,24,36,40,70,60000000,N
10-05-2021,7,11,18,30,36,45000000,N
10-01-2021,21,25,36,62,63,34000000,N
09/28/2021,18,30,43,68,69,22000000,N
09/24/2021,17,21,27,43,56,20000000,N
09/21/2021,36,41,45,51,56,432000000,Y
09/17/2021,17,32,40,59,61,405000000,N
09/14/2021,4,13,19,63,64,383000000,N
09-10-2021,20,32,35,47,64,368000000,N
09-07-2021,15,17,25,32,53,345000000,N
09-03-2021,7,10,12,61,65,323000000,N
08/31/2021,8,14,31,58,68,306000000,N
08/27/2021,1,10,44,47,56,288000000,N
08/24/2021,17,18,26,52,67,270000000,N
08/20/2021,41,43,51,57,70,256000000,N
08/17/2021,3,6,16,38,56,242000000,N
08/13/2021,17,21,35,40,53,225000000,N
08-10-2021,29,45,50,59,62,208000000,N
08-06-2021,9,18,40,46,69,191000000,N
08-03-2021,1,9,17,27,34,179000000,N
07/30/2021,19,26,31,52,68,166000000,N
07/27/2021,2,35,36,54,64,153000000,N
07/23/2021,13,17,19,40,69,140000000,N
07/20/2021,10,26,30,52,57,128000000,N
07/16/2021,24,25,47,52,57,117000000,N
07/13/2021,3,10,17,26,55,104000000,N
07-09-2021,6,37,39,41,46,94000000,N
07-06-2021,18,47,63,68,69,82000000,N
07-02-2021,8,31,32,34,45,72000000,N
06/29/2021,7,38,50,52,69,61000000,N
06/25/2021,17,20,42,45,65,50000000,N
06/22/2021,1,26,48,51,59,40000000,N
06/18/2021,14,36,44,46,53,30000000,N
06/15/2021,18,22,27,38,52,22000000,N
06-11-2021,4,43,56,63,68,20000000,N
06-08-2021,9,22,39,41,54,56000000,Y
06-04-2021,4,30,34,41,64,45000000,N
06-01-2021,7,11,33,58,63,34000000,N
05/28/2021,10,14,20,47,70,22000000,N
05/25/2021,14,21,31,34,54,20000000,N
05/21/2021,6,9,17,18,48,515000000,Y
05/18/2021,3,5,56,61,66,475000000,N
05/14/2021,3,18,41,44,68,430000000,N
05-11-2021,7,8,20,36,39,402000000,N
05-07-2021,5,10,19,21,50,370000000,N
05-04-2021,4,27,32,57,63,345000000,N
04/30/2021,8,19,26,48,49,319000000,N
04/27/2021,15,22,30,41,42,297000000,N
04/23/2021,4,28,29,30,60,277000000,N
04/20/2021,6,23,43,49,52,257000000,N
04/16/2021,17,27,28,50,55,240000000,N
04/13/2021,10,15,19,45,68,220000000,N
04-09-2021,22,26,27,58,66,201000000,N
04-06-2021,1,19,20,32,42,184000000,N
04-02-2021,10,42,48,53,62,168000000,N
03/30/2021,11,37,47,53,56,152000000,N
03/26/2021,4,25,37,46,67,137000000,N
03/23/2021,12,23,35,38,55,122000000,N
03/19/2021,9,14,40,58,69,105000000,N
03/16/2021,10,41,46,52,69,93000000,N
03-12-2021,2,24,25,31,65,79000000,N
03-09-2021,4,33,46,58,65,68000000,N
03-05-2021,10,11,17,27,54,55000000,N
03-02-2021,4,8,13,34,64,43000000,N
02/26/2021,11,15,37,62,64,30000000,N
02/23/2021,5,7,9,20,57,22000000,N
02/19/2021,27,32,47,50,53,20000000,N
02/16/2021,1,36,44,54,66,96000000,Y
02-12-2021,5,14,24,25,27,82000000,N
02-09-2021,7,18,21,31,40,68000000,N
02-05-2021,14,17,28,29,44,54000000,N
02-02-2021,13,37,38,40,67,42000000,N
01/29/2021,4,44,58,59,70,25000000,N
01/26/2021,29,49,56,66,67,20000000,N
01/22/2021,4,26,42,50,60,1000000000,Y
01/19/2021,10,19,26,28,50,865000000,N
01/15/2021,3,11,12,38,43,750000000,N
01-12-2021,12,14,26,28,33,625000000,N
01-08-2021,3,6,16,18,58,520000000,N
01-05-2021,20,43,51,55,57,447000000,N
01-01-2021,8,24,53,68,69,401000000,N
12/29/2020,1,31,35,48,62,376000000,N
12/25/2020,17,23,36,69,70,352000000,N
12/22/2020,29,53,56,59,67,330000000,N
12/18/2020,7,15,25,51,60,310000000,N
12/15/2020,1,10,18,20,46,291000000,N
12-11-2020,19,31,37,55,67,276000000,N
12-08-2020,15,19,33,39,68,264000000,N
12-04-2020,3,19,24,44,50,244000000,N
12-01-2020,7,33,53,61,65,229000000,N
11/27/2020,4,10,27,35,58,214000000,N
11/24/2020,9,15,34,61,64,200000000,N
11/20/2020,26,33,45,61,68,188000000,N
11/17/2020,8,13,35,46,68,176000000,N
11/13/2020,6,7,14,28,59,165000000,N
11-10-2020,23,45,53,58,62,152000000,N
11-06-2020,18,24,27,34,60,142000000,N
11-03-2020,7,31,44,45,55,129000000,N
10/30/2020,14,19,34,39,59,118000000,N
10/27/2020,6,13,34,46,62,109000000,N
10/23/2020,18,34,44,60,69,97000000,N
10/20/2020,46,54,57,58,66,86000000,N
10/16/2020,27,32,50,52,57,77000000,N
10/13/2020,11,44,45,46,70,69000000,N
10-09-2020,5,11,25,27,64,60000000,N
10-06-2020,15,16,18,39,59,50000000,N
10-02-2020,9,38,47,49,68,41000000,N
09/29/2020,14,39,43,44,67,32000000,N
09/25/2020,20,36,37,48,67,24000000,N
09/22/2020,36,43,44,55,68,22000000,N
09/18/2020,26,29,41,52,64,20000000,N
09/15/2020,25,28,38,59,62,119000000,Y
09-11-2020,3,15,42,48,56,108000000,N
09-08-2020,7,10,15,31,57,97000000,N
09-04-2020,19,22,24,28,53,88000000,N
09-01-2020,15,25,26,38,47,78000000,N
08/28/2020,3,9,50,53,64,68000000,N
08/25/2020,8,10,15,17,57,57000000,N
08/21/2020,11,15,31,42,63,49000000,N
08/18/2020,4,18,26,27,58,40000000,N
08/14/2020,3,24,29,42,47,31000000,N
08-11-2020,8,22,29,43,56,24000000,N
08-07-2020,4,44,53,64,70,22000000,N
08-04-2020,2,22,30,42,62,20000000,N
07/31/2020,12,35,46,48,69,22000000,Y
07/28/2020,17,20,27,31,34,20000000,N
07/24/2020,8,33,39,54,58,124000000,Y
07/21/2020,14,25,26,41,43,113000000,N
07/17/2020,12,13,21,46,57,101000000,N
07/14/2020,6,26,55,56,64,91000000,N
07-10-2020,10,15,20,49,53,83000000,N
07-07-2020,16,20,25,30,43,73000000,N
07-03-2020,20,40,44,45,50,62000000,N
06/30/2020,9,16,29,37,53,53000000,N
06/26/2020,19,33,37,56,57,44000000,N
06/23/2020,6,20,37,40,48,35000000,N
06/19/2020,11,34,36,52,66,26000000,N
06/16/2020,21,23,33,35,42,22000000,N
06-12-2020,9,14,57,67,70,20000000,N
06-09-2020,1,5,9,10,23,410000000,Y
06-05-2020,32,35,37,47,55,378000000,N
06-02-2020,9,20,23,26,29,356000000,N
05/29/2020,10,13,32,41,51,336000000,N
05/26/2020,34,52,58,59,62,313000000,N
05/22/2020,8,10,20,44,46,298000000,N
05/19/2020,8,19,25,36,66,274000000,N
05/15/2020,11,17,32,33,46,266000000,N
05-12-2020,7,16,27,44,52,248000000,N
05-08-2020,5,20,22,61,70,231000000,N
05-05-2020,7,13,17,21,45,215000000,N
05-01-2020,28,30,31,35,66,200000000,N
04/28/2020,13,19,53,54,63,186000000,N
04/24/2020,1,27,32,60,67,174000000,N
04/21/2020,13,15,24,67,70,164000000,N
04/17/2020,13,35,39,46,55,159000000,N
04/14/2020,29,47,65,69,70,145000000,N
04-10-2020,2,11,21,57,60,136000000,N
04-07-2020,25,33,43,51,68,127000000,N
04-03-2020,24,38,44,57,58,121000000,N
03/31/2020,8,17,51,57,70,113000000,N
03/27/2020,3,25,28,50,60,107000000,N
03/24/2020,2,8,16,18,31,101000000,N
03/20/2020,34,35,41,45,54,96000000,N
03/17/2020,20,27,28,58,59,90000000,N
03/13/2020,7,22,37,43,44,80000000,N
03-10-2020,6,17,48,54,69,75000000,N
03-06-2020,15,48,56,58,70,70000000,N
03-03-2020,8,12,33,56,64,65000000,N
02/28/2020,2,3,14,41,64,60000000,N
02/25/2020,2,9,43,49,63,55000000,N
02/21/2020,4,7,13,16,60,50000000,N
02/18/2020,6,12,39,61,70,45000000,N
02/14/2020,10,32,48,54,55,40000000,N
02-11-2020,4,6,32,52,64,202000000,Y
02-07-2020,9,14,27,36,52,187000000,N
02-04-2020,32,48,50,51,64,168000000,N
01/31/2020,28,31,33,57,62,155000000,N
01/28/2020,17,36,47,51,62,141000000,N
01/24/2020,3,4,18,23,38,130000000,N
01/21/2020,16,18,29,31,37,116000000,N
01/17/2020,3,25,30,54,70,103000000,N
01/14/2020,9,11,13,31,47,91000000,N
01-10-2020,17,27,49,51,66,80000000,N
01-07-2020,25,40,41,52,56,69000000,N
01-03-2020,37,41,42,53,63,60000000,N
12/31/2019,30,44,49,53,56,55000000,N
12/27/2019,17,34,40,63,64,50000000,N
12/24/2019,27,37,48,63,66,45000000,N
12/20/2019,3,20,23,35,60,40000000,N
12/17/2019,22,30,53,55,56,372000000,Y
12/13/2019,17,21,29,39,56,340000000,N
12-10-2019,18,31,46,54,61,314000000,N
12-06-2019,20,31,40,46,61,285000000,N
12-03-2019,23,43,60,63,69,266000000,N
11/29/2019,6,8,31,50,65,243000000,N
11/26/2019,8,27,29,38,43,226000000,N
11/22/2019,7,12,17,49,53,208000000,N
11/19/2019,22,43,44,47,66,192000000,N
11/15/2019,12,19,34,35,68,178000000,N
11-12-2019,19,30,44,56,65,163000000,N
11-08-2019,3,4,10,39,58,145000000,N
11-05-2019,2,9,24,49,54,127000000,N
11-01-2019,9,20,36,41,54,118000000,N
10/29/2019,4,9,17,27,39,105000000,N
10/25/2019,16,24,25,52,60,93000000,N
10/22/2019,5,11,14,23,25,82000000,N
10/18/2019,18,58,60,65,67,71000000,N
10/15/2019,4,12,14,35,70,65000000,N
10-11-2019,14,22,30,37,60,60000000,N
10-08-2019,5,8,10,17,48,55000000,N
10-04-2019,11,38,44,48,70,50000000,N
10-01-2019,10,17,39,42,59,45000000,N
09/27/2019,12,20,31,43,45,40000000,N
09/24/2019,6,14,24,42,46,227000000,Y
09/20/2019,23,24,42,48,53,211000000,N
09/17/2019,12,15,30,50,65,192000000,N
09/13/2019,6,16,37,59,62,172000000,N
09-10-2019,34,47,48,50,55,154000000,N
09-06-2019,4,11,13,19,31,139000000,N
09-03-2019,13,20,27,61,62,127000000,N
08/30/2019,3,9,11,34,39,113000000,N
08/27/2019,8,12,23,39,43,103000000,N
08/23/2019,11,15,37,54,68,90000000,N
08/20/2019,8,14,25,51,63,79000000,N
08/16/2019,4,14,24,26,46,70000000,N
08/13/2019,7,27,31,34,51,65000000,N
08-09-2019,15,53,56,59,63,60000000,N
08-06-2019,11,17,31,43,55,55000000,N
08-02-2019,11,20,26,48,70,50000000,N
07/30/2019,10,24,28,33,38,45000000,N
07/26/2019,4,6,11,43,48,40000000,N
07/23/2019,1,4,23,40,45,168000000,Y
07/19/2019,16,18,28,33,67,154000000,N
07/16/2019,8,16,31,48,52,137000000,N
07-12-2019,8,25,38,56,59,121000000,N
07-09-2019,12,26,40,48,64,107000000,N
07-05-2019,6,38,47,57,63,95000000,N
07-02-2019,3,25,37,40,55,83000000,N
06/28/2019,2,35,49,53,63,71000000,N
06/25/2019,24,33,45,47,61,60000000,N
06/21/2019,13,30,36,48,62,55000000,N
06/18/2019,12,14,22,24,48,50000000,N
06/14/2019,19,40,47,57,65,45000000,N
06-11-2019,20,34,39,43,57,40000000,N
06-07-2019,17,19,27,40,68,530000000,Y
06-04-2019,25,37,46,48,68,475000000,N
05/31/2019,7,8,26,65,67,444000000,N
05/28/2019,9,21,34,42,50,418000000,N
05/24/2019,14,41,44,56,62,393000000,N
05/21/2019,10,50,55,56,58,367000000,N
05/17/2019,5,17,28,32,63,339000000,N
05/14/2019,11,59,66,67,68,316000000,N
05-10-2019,3,16,21,61,62,295000000,N
05-07-2019,3,6,34,54,63,273000000,N
05-03-2019,8,16,22,66,68,252000000,N
04/30/2019,24,37,41,61,70,229000000,N
04/26/2019,9,17,23,30,46,212000000,N
04/23/2019,7,24,30,48,67,192000000,N
04/19/2019,18,25,43,44,57,175000000,N
04/16/2019,11,29,34,48,54,157000000,N
04-12-2019,1,24,25,40,70,140000000,N
04-09-2019,11,22,34,44,58,120000000,N
04-05-2019,8,22,24,38,64,104000000,N
04-02-2019,33,47,58,59,64,88000000,N
03/29/2019,5,14,15,62,66,75000000,N
03/26/2019,4,14,22,43,58,57000000,N
03/22/2019,7,36,58,60,62,50000000,N
03/19/2019,10,42,53,67,68,45000000,N
03/15/2019,3,29,56,62,64,40000000,N
03-12-2019,10,12,16,49,57,50000000,Y
03-08-2019,4,9,42,62,68,45000000,N
03-05-2019,15,20,32,37,52,40000000,N
03-01-2019,29,33,39,60,66,267000000,Y
02/26/2019,10,12,14,24,60,245000000,N
02/22/2019,18,24,31,34,55,224000000,N
02/19/2019,17,24,34,56,65,206000000,N
02/15/2019,10,38,40,43,65,190000000,N
02-12-2019,15,32,39,50,65,173000000,N
02-08-2019,14,24,31,42,48,157000000,N
02-05-2019,3,34,36,59,66,139000000,N
02-01-2019,2,37,48,66,68,125000000,N
01/29/2019,10,33,53,54,62,109000000,N
01/25/2019,8,16,30,38,61,96000000,N
01/22/2019,4,15,37,59,64,82000000,N
01/18/2019,2,43,48,62,64,68000000,N
01/15/2019,29,52,58,60,62,55000000,N
01-11-2019,4,5,31,62,69,50000000,N
01-08-2019,13,26,29,38,64,45000000,N
01-04-2019,21,29,35,54,60,40000000,N
01-01-2019,34,44,57,62,70,425000000,Y
12/28/2018,9,10,25,37,38,370000000,N
12/25/2018,2,8,42,43,50,321000000,N
12/21/2018,10,13,61,62,70,305000000,N
12/18/2018,13,22,32,60,69,284000000,N
12/14/2018,5,22,26,43,49,262000000,N
12-11-2018,4,38,39,54,59,245000000,N
12-07-2018,4,10,20,33,57,226000000,N
12-04-2018,28,31,41,42,50,208000000,N
11/30/2018,25,28,40,43,63,190000000,N
11/27/2018,12,24,37,42,57,172000000,N
11/23/2018,7,10,30,33,59,155000000,N
11/20/2018,10,16,31,42,66,139000000,N
11/16/2018,33,36,63,68,69,122000000,N
11/13/2018,34,46,57,65,69,106000000,N
11-09-2018,8,14,27,57,67,90000000,N
11-06-2018,28,34,37,56,69,70000000,N
11-02-2018,3,23,28,46,62,52000000,N
10/30/2018,20,31,39,46,49,45000000,N
10/26/2018,1,28,61,62,63,40000000,N
10/23/2018,5,28,62,65,70,1600000000,Y
10/19/2018,15,23,53,65,70,1000000000,N
10/16/2018,3,45,49,61,69,667000000,N
10-12-2018,4,24,46,61,70,548000000,N
10-09-2018,20,22,39,54,60,470000000,N
10-05-2018,27,28,32,41,69,420000000,N
10-02-2018,2,22,29,31,34,367000000,N
09/28/2018,39,45,52,56,59,336000000,N
09/25/2018,8,16,32,48,61,303000000,N
09/21/2018,1,2,11,52,64,275000000,N
09/18/2018,31,32,43,63,68,252000000,N
09/14/2018,23,30,40,43,66,227000000,N
09-11-2018,15,30,51,62,67,207000000,N
09-07-2018,8,10,41,54,68,187000000,N
09-04-2018,2,7,25,35,44,167000000,N
08/31/2018,7,18,29,32,45,152000000,N
08/28/2018,3,20,33,34,41,134000000,N
08/24/2018,1,6,13,18,49,118000000,N
08/21/2018,14,16,19,38,57,102000000,N
08/17/2018,1,31,32,47,56,88000000,N
08/14/2018,11,26,44,45,46,75000000,N
08-10-2018,1,3,12,22,42,63000000,N
08-07-2018,2,13,15,21,62,55000000,N
08-03-2018,9,28,30,54,60,50000000,N
07/31/2018,12,15,35,64,69,45000000,N
07/27/2018,1,32,40,49,63,40000000,N
07/24/2018,1,2,4,19,29,522000000,Y
07/20/2018,1,14,30,44,62,433000000,N
07/17/2018,40,41,61,66,67,375000000,N
07/13/2018,21,22,39,59,68,340000000,N
07-10-2018,1,17,28,56,70,306000000,N
07-06-2018,2,10,46,50,56,283000000,N
07-03-2018,13,35,45,49,68,256000000,N
06/29/2018,2,32,47,49,68,232000000,N
06/26/2018,17,25,29,39,60,212000000,N
06/22/2018,2,6,11,27,44,192000000,N
06/19/2018,11,13,28,65,70,175000000,N
06/15/2018,1,11,37,47,51,161000000,N
06-12-2018,1,3,5,8,70,144000000,N
06-08-2018,14,30,33,44,56,127000000,N
06-05-2018,22,33,41,48,52,110000000,N
06-01-2018,5,24,52,62,66,97000000,N
05/29/2018,2,11,55,58,67,84000000,N
05/25/2018,11,14,51,64,68,73000000,N
05/22/2018,16,17,21,36,48,60000000,N
05/18/2018,9,26,53,64,66,55000000,N
05/15/2018,21,34,44,49,61,50000000,N
05-11-2018,14,38,40,53,70,45000000,N
05-08-2018,8,15,39,64,67,40000000,N
05-04-2018,4,5,10,12,18,143000000,Y
05-01-2018,2,7,20,55,70,126000000,N
04/27/2018,2,29,38,63,66,111000000,N
04/24/2018,3,19,31,32,48,96000000,N
04/20/2018,1,15,18,32,45,80000000,N
04/17/2018,12,34,44,47,65,67000000,N
04/13/2018,8,9,32,42,59,55000000,N
04-10-2018,5,13,31,43,53,50000000,N
04-06-2018,16,33,51,54,67,45000000,N
04-03-2018,4,29,39,42,62,40000000,N
03/30/2018,11,28,31,46,59,521000000,Y
03/27/2018,7,25,43,56,59,458000000,N
03/23/2018,4,8,23,53,59,421000000,N
03/20/2018,14,38,51,64,70,377000000,N
03/16/2018,1,13,26,33,52,345000000,N
03/13/2018,6,30,58,60,61,318000000,N
03-09-2018,7,17,18,46,66,290000000,N
03-06-2018,1,4,26,35,39,265000000,N
03-02-2018,24,28,42,60,64,243000000,N
02/27/2018,10,17,21,38,43,222000000,N
02/23/2018,7,11,13,19,58,204000000,N
02/20/2018,17,19,23,24,43,185000000,N
02/16/2018,14,38,48,53,58,168000000,N
02/13/2018,5,12,15,46,49,153000000,N
02-09-2018,28,34,41,46,47,136000000,N
02-06-2018,14,17,25,48,58,120000000,N
02-02-2018,1,4,14,17,40,104000000,N
01/30/2018,29,41,42,49,57,89000000,N
01/26/2018,10,16,27,38,43,76000000,N
01/23/2018,2,6,30,31,55,63000000,N
01/19/2018,3,17,23,49,66,55000000,N
01/16/2018,3,11,23,29,59,50000000,N
01-12-2018,17,18,33,46,60,45000000,N
01-09-2018,16,29,31,65,67,40000000,N
01-05-2018,28,30,39,59,70,450000000,Y
01-02-2018,1,42,47,64,70,361000000,N
12/29/2017,4,10,18,28,62,306000000,N
12/26/2017,10,12,20,38,41,277000000,N
12/22/2017,1,20,30,33,42,253000000,N
12/19/2017,28,37,39,42,58,223000000,N
12/15/2017,4,12,36,44,57,208000000,N
12-12-2017,8,23,24,25,27,191000000,N
12-08-2017,6,37,46,60,70,176000000,N
12-05-2017,14,15,37,42,67,160000000,N
12-01-2017,16,22,40,41,59,145000000,N
11/28/2017,10,17,47,51,61,132000000,N
11/24/2017,16,36,54,61,64,119000000,N
11/21/2017,3,7,22,27,50,106000000,N
11/17/2017,3,26,55,58,70,95000000,N
11/14/2017,1,14,21,22,28,82000000,N
11-10-2017,6,23,38,42,58,71000000,N
11-07-2017,1,54,60,68,69,59000000,N
11-03-2017,10,22,42,61,69,48000000,N
10/31/2017,6,28,31,52,53,40000000,N
